INSERT INTO tienda VALUES ('MADRID');
INSERT INTO tienda VALUES ('ALCALA DE HENARES');

INSERT INTO trabajadores VALUES (4543, 'LUIS', 923455432, 654345678, 'M', 4, 'MADRID');
INSERT INTO trabajadores VALUES (4544, 'ANGEL', 925654437, 654897654, 'T', 6, 'MADRID');
INSERT INTO trabajadores VALUES (4545, 'MARIA', 927564356, 645213432, 'M', 8, 'ALCALA DE HENARES');
INSERT INTO trabajadores VALUES (4546, 'PATRICIA', 926345347, 657654378, 'T', 10, 'ALCALA DE HENARES');
INSERT INTO trabajadores VALUES (4547, 'ALBERTO', 924532678, 675657657, 'M', 5, 'ALCALA DE HENARES');

INSERT INTO cajero VALUES (4545);
INSERT INTO cajero VALUES (4546);
INSERT INTO cajero VALUES (4547);


INSERT INTO reponedor VALUES (21, 4543);
INSERT INTO reponedor VALUES (5, 4544);

INSERT INTO socio VALUES (0001, 656546789, 15, 'calle petunias', 'PEDRO', 'pedro@hotmail.com');
INSERT INTO socio VALUES (0002, 654567543, 20, 'calle mariposas', 'PABLO', 'pablo@hotmail.com');
INSERT INTO socio VALUES (0003, 654324352, 50, 'calle universidad', 'ELENA', 'elena@hotmail.com');
INSERT INTO socio VALUES (0004, 650605047, 30, 'calle amapolas', 'ESTEFANIA', 'estefania@hotmail.com');
INSERT INTO socio VALUES (0005, 679098790, 3, 'calle plantas', 'ALVARO', 'alvaro@hotmail.com');


INSERT INTO tickets VALUES (1, '01-05-2019', '09:04', 'MARIA', 15, 14, 001, 4545, 'ALCALA DE HENARES');
INSERT INTO tickets VALUES (2, '04-05-2019', '09:30', 'MARIA', 20, 40, 002, 4545, 'ALCALA DE HENARES');
INSERT INTO tickets VALUES (3, '08-06-2019', '10:07', 'MARIA', 50, 15, 003, 4545, 'ALCALA DE HENARES');
INSERT INTO tickets VALUES (4, '14-06-2019', '11:00', 'PATRICIA', 30, 45, 004, 4546, 'ALCALA DE HENARES');
INSERT INTO tickets VALUES (5, '27-05-2019', '16:56', 'ALBERTO', 3, 65, 005, 4547, 'MADRID');



INSERT INTO cupones VALUES (1, 20, 001);
INSERT INTO cupones VALUES (2, 15, 002);
INSERT INTO cupones VALUES (3, 5, 003);


INSERT INTO productos VALUES (3243243456789, 4, 3, 6);
INSERT INTO productos VALUES (3243245434536, 10, 7, 4);
INSERT INTO productos VALUES (3243243213425, 20, 15, 12);
INSERT INTO productos VALUES (3243244536789, 20, 15, 1);
INSERT INTO productos VALUES (3243240909087, 15, 11, 14);
INSERT INTO productos VALUES (3243240986589, 40, 31, 35);
INSERT INTO productos VALUES (3243240958485, 5, 13, 26);
INSERT INTO productos VALUES (3243240958438, 50, 39, 42);
INSERT INTO productos VALUES (3243245454545, 15, 11, 0);
INSERT INTO productos VALUES (3243245454663, 4, 3, 2);

INSERT INTO ofertas VALUES (1, 4, '01-05-2019', '05-05-2019');
INSERT INTO ofertas VALUES (2, 5, '08-06-2019', '14-06-2019');
INSERT INTO ofertas VALUES (3, 10, '27-05-2019', '31-05-2019');

INSERT INTO opinion VALUES (1, '01-06-2019', '09:04', 001, 4, 'ALCALA DE HENARES');
INSERT INTO opinion VALUES (2, '02-06-2019', '09:30', 002, 6, 'ALCALA DE HENARES');
INSERT INTO opinion VALUES (3, '05-06-2019', '10:07', 003, 8, 'ALCALA DE HENARES');
INSERT INTO opinion VALUES (4, '10-06-2019', '11:00', 004, 5, 'ALCALA DE HENARES');
INSERT INTO opinion VALUES (5, '13-07-2019', '16:56', 005, 10, 'MADRID');

INSERT INTO producto_oferta VALUES (1, 3243243456789);
INSERT INTO producto_oferta VALUES (2, 3243245434536);
INSERT INTO producto_oferta VALUES (3, 3243243213425);

INSERT INTO contiene VALUES (1, 3243243456789, 1);
INSERT INTO contiene VALUES (2, 3243245434536, 1);
INSERT INTO contiene VALUES (3, 3243243213425, 1);

INSERT INTO compra VALUES (1, 3243243456789, 1);
INSERT INTO compra VALUES (2, 3243243213425, 1);
INSERT INTO compra VALUES (3, 3243240909087, 1);
INSERT INTO compra VALUES (4, 3243240958485, 1);
INSERT INTO compra VALUES (5, 3243245454545, 1);

INSERT INTO devuelve VALUES (1, 3243243456789, 1);
INSERT INTO devuelve VALUES (2, 3243243456789, 1);
INSERT INTO devuelve VALUES (3, 3243243456789, 1);
INSERT INTO devuelve VALUES (4, 3243240909087, 1);
INSERT INTO devuelve VALUES (5, 3243243456789, 1);

INSERT INTO evalua VALUES (4543, 4544, 6);
INSERT INTO evalua VALUES (4544, 4543, 7);
INSERT INTO evalua VALUES (4545, 4546, 7);
INSERT INTO evalua VALUES (4545, 4547, 8);
INSERT INTO evalua VALUES (4546, 4545, 7);
INSERT INTO evalua VALUES (4546, 4547, 8);
INSERT INTO evalua VALUES (4547, 4545, 7);
INSERT INTO evalua VALUES (4547, 4546, 7);

INSERT INTO tiene VALUES (3243243456789, 1);
INSERT INTO tiene VALUES (3243240909087, 2);
INSERT INTO tiene VALUES (3243245454545, 3);


